0,0
1,-0.26
2,0.57
3,0
4,0.02
5,0.05
6,-0.61
7,-0.81
8,-0.1
9,0
10,-0.44
11,-0.01
12,0.12
13,-0.05
14,0
15,-0.13
16,-0.24
17,0.06
18,0.39
19,0.42
20,-0.15
21,-0.37
22,-0.26
23,0.04
24,-0.83
25,-1.13
26,0.52
27,-0.1
28,-0.68
29,0.09
30,-0.08
31,0.08
32,0.42
33,-0.41
34,-0.44
35,-0.26
36,0.21
37,-0.26
38,0.14
39,-0.52
40,-0.34
41,0.3
42,-0.02
43,0.17
44,-0.34
45,-0.64
46,0.41
47,0.32
48,0.14
49,-0.46
50,0.56
51,0.46
52,-0.38
53,-0.23
54,-0.46
55,-0.16
56,0.14
57,-0.38
58,0
59,0
60,-0.38
61,-0.18
62,-0.69
63,-0.03
64,-0.33
65,0.06
66,0.04
67,0.23
68,0.29
69,0.07
70,-0.08
71,-0.29
72,-0.24
73,0.26
74,0.48
75,-0.02
76,-0.26
77,0.34
78,0.27
79,-0.15
80,0.35
81,-0.02
82,-0.01
83,-0.54
84,0.02
85,0.1
86,0.02
87,0.48
88,0.3
89,0.8
90,-0.02
91,-0.3
92,0.3
93,0.37
94,0.15
95,-0.17
96,-0.05
97,0.33
98,0.12
99,-0.82
100,-0.45
101,0.5
102,-0.39
103,0.18
104,-0.58
105,-0.23
106,-0.4
107,-0.53
108,-0.35
109,-0.07
110,-0.32
111,0.1
112,0.04
113,0.32
114,0.4
115,-0.33
116,0.12
117,-0.25
118,0.71
119,-0.15
120,0
121,-0.05
122,0.4
123,0.22
124,0.61
125,-0.65
126,0.1
127,-0.03
128,-0.09
129,-0.16
130,-0.21
131,0.4
132,0.08
133,0.56
134,-0.62
135,0.02
136,0.24
137,0.24
138,-0.05
139,0.11
140,-0.01
141,-0.02
142,0.28
143,-0.08
144,0.39
145,0.31
146,-0.13
147,-0.3
148,-0.27
149,-0.38
150,-0.35
151,0.35
152,0.07
153,0.37
154,-0.23
155,-0.36
156,0.47
157,-0.05
158,-0.57
159,-0.39
160,-0.29
161,0.25
162,0.08
163,0.07
164,0.24
165,-0.1
166,-0.2
167,0.23
168,-0.12
169,0.15
170,-0.1
171,0.13
172,-0.15
173,-0.01
174,0.35
175,-0.19
176,-0.07
177,0.18
178,0.33
179,-0.08
180,-0.05
181,0.53
182,0.31
183,0.12
184,0.48
185,-0.09
186,0.21
187,1.21
188,-0.35
189,-0.23
190,0.08
191,-0.19
192,0.13
193,-0.65
194,-0.68
195,-0.13
196,0.29
197,-0.13
198,-0.14
199,0.01
200,0.56
201,0.03
202,-0.44
203,0.18
204,-0.77
205,0.14
206,0.45
207,-0.03
208,0.06
209,-0.38
210,-0.17
211,0.04
212,0.27
213,-0.1
214,0.12
215,0.45
216,0.53
217,-0.7
218,-0.15
219,0.02
220,-0.59
221,0.01
222,0.18
223,0.13
224,-0.64
225,0.14
226,0.32
227,-0.95
228,0.03
229,-0.1
230,-0.24
231,0.21
232,-0.04
233,-0.3
234,-0.49
235,-0.1
236,0.14
237,-0.23
238,-0.09
239,0.18
240,0.36
241,-0.14
242,-0.16
243,0.05
244,-0.05
245,-0.69
246,-0.34
247,-0.15
248,-0.09
249,-0.48
250,0.19
251,-0.15
252,0.14
253,-0.14
254,-0.26
255,0.01
256,-0.27
257,-0.06
258,0.14
259,0.49
260,-0.43
261,-0.28
262,-0.32
263,-0.09
264,0.53
265,0.95
266,-0.1
267,0.64
268,-0.69
269,-0.31
270,-0.41
271,-0.31
272,0.27
273,0.22
274,-0.28
275,-0.17
276,-0.25
277,-0.31
278,0.01
279,-0.55
280,0
281,-0.04
282,0.56
283,-0.11
284,-0.65
285,-0.18
286,0.27
287,0.03
288,0.15
289,-0.16
290,-0.19
291,-0.09
292,0.09
293,-0.33
294,-0.61
295,0.12
296,0.05
297,-0.11
298,-0.05
299,-0.51
300,-0.69
301,1.16
302,0.2
303,-0.06
304,2.18
305,-0.51
306,0.39
307,0.77
308,-0.26
309,-0.57
310,-0.48
311,-0.15
312,-0.34
313,0.25
314,-0.5
315,-0.31
316,-0.03
317,0.44
318,-0.08
319,0.16
320,0.37
321,0.38
322,-0.24
323,0.13
324,-0.24
325,-0.29
326,-0.1
327,0.33
328,0.23
329,0.21
330,-0.3
331,0.81
332,-0.47
333,-0.22
334,-0.1
335,0.13
336,0.47
337,0.34
338,-0.6
339,0.14
340,0.04
341,0.39
342,0.15
343,-0.29
344,-0.29
345,0.04
346,-0.06
347,0.51
348,-0.07
349,-0.68
350,-0.37
351,-0.04
352,-0.39
353,0.48
354,0.24
355,-0.39
356,-0.8
357,-0.53
358,-0.11
359,-0.5
360,-0.85
361,0
362,0.53
363,-0.42
364,0.01
365,0.34
366,0.86
367,0.41
368,-0.56
369,0.1
370,-0.21
371,0.01
372,0.09
373,0.02
374,-0.16
375,-0.09
376,-0.04
377,0.05
378,-0.1
379,0
380,-0.05
381,0.27
382,-0.04
383,0.86
384,-0.27
385,-0.27
386,-0.1
387,0.2
388,0.02
389,-0.18
390,0.48
391,0.21
392,-0.14
393,-0.05
394,0.08
395,-0.59
396,-0.01
397,0.29
398,-0.24
399,-0.03
400,-0.43
401,-0.46
402,0.08
403,0.24
404,-0.02
405,0.47
406,-0.06
407,0.12
408,0.22
409,-0.19
410,0.13
411,0.28
412,-0.19
413,-0.34
414,0.16
415,0.05
416,-0.06
417,0.49
418,0.42
419,-0.45
420,0.02
421,0
422,0.29
423,-0.16
424,-0.19
425,0.14
426,0.04
427,0.32
428,0.95
429,0.39
430,0.05
431,0.31
432,0.17
433,-0.29
434,-0.14
435,-0.03
436,0.33
437,-0.25
438,-0.25
439,-0.11
440,-0.12
441,-0.1
442,-0.65
443,-0.36
444,0.31
445,-0.45
446,-0.47
447,-0.28
448,0.13
449,-0.51
450,-0.31
451,0.65
452,-0.26
453,0.5
454,0.56
455,-0.28
456,-0.2
457,0.05
458,-0.31
459,0.43
460,-0.5
461,-0.05
462,-0.15
463,-0.22
464,-0.36
465,0.03
466,0.27
467,0.11
468,-0.1
469,-0.36
470,-0.48
471,-0.37
472,0.2
473,-0.05
474,0.14
475,0.04
476,-0.07
477,-0.1
478,0.36
479,-0.86
480,-0.04
481,-0.16
482,0.34
483,-0.32
484,-0.03
485,-0.02
486,-0.22
487,-0.36
488,0.16
489,0.19
490,0.12
491,1.3
492,-0.95
493,-0.3
494,-0.17
495,0.38
496,0.08
497,0
498,0.32
499,0.22
500,0.09
501,0.4
502,-0.64
503,0.37
504,0.41
505,0.62
506,0.37
507,-0.29
508,-0.88
509,0.2
510,-0.13
511,-0.16
512,0.38
513,-0.34
514,0.29
515,0.09
516,-0.02
517,-0.37
518,0.19
519,0.11
520,0.2
521,-0.53
522,-0.42
523,0.39
524,-0.36
525,-0.24
526,-0.21
527,-0.2
528,0.11
529,-0.06
530,0.15
531,0.01
532,0.11
533,-0.16
534,0.36
535,-0.05
536,0.34
537,0.06
538,0.2
539,-0.26
540,-0.06
541,-0.11
542,0.4
543,0.39
544,-0.18
545,0.47
546,-0.24
547,0.21
548,0.4
549,0.44
550,-0.13
551,-0.06
552,0.84
553,0.4
554,-0.2
555,0.22
556,0.27
557,-0.27
558,0.13
559,0.47
560,0.37
561,0.16
562,0.52
563,-0.42
564,-0.07
565,-0.39
566,-0.42
567,0.39
568,0.12
569,0.45
570,-0.23
571,0.37
572,0.52
573,0.67
574,0.03
575,-0.08
576,0.33
577,-0.22
578,-0.44
579,0.28
580,0.47
581,0.15
582,-0.08
583,0.53
584,-0.13
585,-0.41
586,-0.78
587,0.06
588,-0.49
589,-0.49
590,0.47
591,-0.03
592,-0.2
593,-0.55
594,-0.01
595,0.02
596,0.05
597,0.34
598,-0.12
599,0.47
600,-0.14
601,-0.29
602,-0.53
603,0.06
604,-0.02
605,0.95
606,0.77
607,0.27
608,-0.06
609,-0.2
610,0.26
611,-0.2
612,0.28
613,-0.04
614,-0.29
615,-0.07
616,-0.29
617,0.27
618,0.13
619,0.24
620,-0.01
621,0
622,0.11
623,0.59
624,0.28
625,0.3
626,0.92
627,-0.11
628,0.38
629,0.16
630,0.04
631,0.55
632,-0.01
633,-0.58
634,0.52
635,0.33
636,-0.42
637,-0.71
638,0.39
639,0.68
640,0.04
641,-0.27
642,0.19
643,0.32
644,0
645,-0.76
646,0.11
647,0.06
648,0.26
649,0.02
650,-0.32
651,0.84
652,0.4
653,-0.26
654,0.29
655,0.07
656,-0.07
657,0.08
658,0.23
659,0.19
660,-0.15
661,-0.48
662,-0.77
663,0.09
664,0.52
665,0.76
666,0.02
667,-0.44
668,0.08
669,0.4
670,0.57
671,0.25
672,0.55
673,-0.15
674,0.62
675,0.2
676,0.07
677,-0.19
678,-0.13
679,-0.08
680,-0.17
681,-0.19
682,0.92
683,0.25
684,-0.06
685,-0.36
686,0.22
687,-0.48
688,0
689,0.32
690,-0.66
691,0.43
692,-0.74
693,-1.55
694,0.06
695,1.05
696,0.37
697,0.02
698,-0.63
699,0.61
700,-0.67
701,-0.57
702,0.66
703,0.7
704,0.07
705,-0.31
706,0.04
707,-0.96
708,-0.11
709,0.21
710,0.66
711,0.4
712,0.26
713,0.16
714,0.82
715,0.82
716,0.98
717,-0.46
718,0.43
719,0.54
720,-1.05
721,0.1
722,0.04
723,0.12
724,0.72
725,-0.2
726,0.11
727,0.17
728,-0.09
729,-0.18
730,-0.47
731,-1
732,1.32
733,0.65
734,0.29
735,-0.36
736,-0.65
737,0.4
738,-0.99
739,-0.55
740,0.57
741,0.8
742,0.41
743,0.13
744,-0.24
745,-0.47
746,-0.47
747,0.07
748,0.52
749,-0.7
750,-0.98
751,-0.23
752,-0.17
753,-0.2
754,-0.58
755,1.16
756,0.69
757,0.28
758,0.6
759,0.49
760,0.32
761,-0.14
762,0.09
763,0.92
764,-0.16
765,0.22
766,-0.06
767,-0.27
768,-0.32
769,0.49
770,0.27
771,-0.2
772,0.45
773,-0.12
774,0.46
775,-0.33
776,-0.17
777,-0.12
778,0.5
779,0.21
780,0.09
781,-0.01
782,-0.57
783,-0.28
784,-0.33
785,0.29
786,0.7
787,0.29
788,0.32
789,0.17
790,0.31
791,0.77
792,0.34
793,-0.29
794,0.25
795,1.85
796,-0.52
797,-2.3
798,-0.14
799,0.28
800,-0.42
801,-0.8
802,-0.06
803,-0.1
804,-2.28
805,-0.66
806,0.84
807,-0.45
808,0.42
809,-0.58
810,-0.36
811,-1.03
812,0.17
813,0.04
814,0.64
815,-1.36
816,-0.28
817,-0.08
818,-0.27
819,-1.55
820,-0.03
821,0.35
822,1.25
823,-0.52
824,0.07
825,0.47
826,0.83
827,0.07
828,-0.21
829,-0.46
830,0.17
831,0.72
832,0.94
833,0.4
834,-0.07
835,-0.13
836,1.1
837,0.66
838,-0.1
839,0.63
840,0.76
841,0.28
842,0.52
843,-0.38
844,0.5
845,0.11
846,-0.56
847,-0.33
848,0.85
849,0.65
850,0.47
851,-0.2
852,-0.25
853,0.05
854,-0.34
855,-1.08
856,0.15
857,-0.1
858,1.02
859,-0.34
860,1.1
861,0.3
862,-0.28
863,-0.35
864,-1.09
865,-0.99
866,1.17
867,1.85
868,-0.1
869,0.41
870,-0.12
871,-0.43
872,0.68
873,-0.1
874,0.53
875,0.57
876,-1.42
877,-0.38
878,0.32
879,-0.05
880,-0.04
881,-0.75
882,0.44
883,0.88
884,-0.33
885,-2.38
886,0.02
887,-0.13
888,-0.48
889,-1.17
890,0.16
891,-1.06
892,0.14
893,-0.32
894,0.36
895,-0.66
896,-0.06
897,1.56
898,0.24
899,0.97
900,-0.45
901,0.02
902,0.55
903,0.85
904,0.46
905,-0.2
906,0.76
907,-0.34
908,1.05
909,0.05
910,0.58
911,-1.16
912,2.2
913,-0.71
914,1.59
915,0.03
916,0.74
917,0.1
918,0.95
919,0.01
920,0.93
921,-0.3
922,0.98
923,0.73
924,-1.16
925,0.6
926,-3.57
927,-2.22
928,0.27
929,2.33
930,0.87
931,-1.07
932,0.19
933,-1.49
934,-0.59
935,-1.58
936,-0.07
937,-0.16
938,-0.87
939,-0.49
940,1.23
941,0.99
942,-0.57
943,-0.88
944,0.43
945,0.37
946,0.96
947,0.3
948,2.2
949,0.05
950,-1.47
951,-1.65
952,0.6
953,0.31
954,-1.13
955,0.82
956,0.83
957,-0.64
958,0.31
959,-0.17
960,-0.22
961,-0.94
962,1.47
963,-0.81
964,0
965,0.19
966,0.59
967,-0.29
968,0.49
969,0.47
970,0.24
971,0.55
972,0.77
973,0.34
974,-1.07
975,1.14
976,-0.9
977,-0.22
978,0.18
979,0.06
980,0.12
981,-0.88
982,-0.14
983,0.08
984,-0.94
985,-1.22
986,-1.49
987,-1.41
988,0.38
989,-1
990,0.43
991,-0.47
992,0.03
993,-2.52
994,0.12
995,0.67
996,-0.75
997,-1.07
998,-0.89
999,-0.17
1000,0.35
1001,-0.29
1002,0.29
1003,0.85
1004,0.01
1005,1.13
1006,0.2
1007,-0.02
1008,-0.62
1009,0.85
1010,0.62
1011,0.03
1012,0.4
1013,-0.51
1014,-1.25
1015,0.47
1016,1.55
1017,1.4
1018,-0.67
1019,0.02
1020,-0.1
1021,0.1
1022,-0.09
1023,-0.63
1024,0.27
1025,0.58
1026,1.73
1027,0.35
1028,-0.15
1029,0.44
1030,1.14
1031,-1.15
1032,-0.21
1033,-1.32
1034,-0.11
1035,-1.56
1036,0.28
1037,0.44
1038,-0.6
1039,-0.35
1040,-0.35
1041,0.37
1042,-0.28
1043,-0.56
1044,-0.12
1045,-0.4
1046,0.52
1047,0.7
1048,-0.39
1049,0.32
1050,0.46
1051,-0.59
1052,-0.44
1053,-0.54
1054,-0.49
1055,-0.94
1056,0.47
1057,-0.65
1058,0.44
1059,-0.42
1060,0.24
1061,0.49
1062,0.07
1063,0.4
1064,0.09
1065,-0.73
1066,-0.27
1067,-0.19
1068,0.16
1069,0.88
1070,0.52
1071,-0.85
1072,0.35
1073,1.27
1074,0.44
1075,1.04
1076,-0.32
1077,0
1078,0.19
1079,-0.88
1080,-0.25
1081,-0.29
1082,-0.15
1083,0.34
1084,-0.27
1085,1.22
1086,0.14
1087,0.36
1088,0.1
1089,-0.49
1090,0.64
1091,0.13
1092,0.12
1093,-0.26
1094,0.01
1095,0.81
1096,-0.3
1097,-0.2
1098,0.11
1099,0.31
1100,0.38
1101,0.73
1102,0.5
1103,-0.08
1104,-0.21
1105,-0.66
1106,-0.16
1107,0.42
1108,-0.19
1109,-0.37
1110,0.31
1111,0.09
1112,0.3
1113,-0.52
1114,-0.18
1115,0.33
1116,0.69
1117,-0.54
1118,0.1
1119,-0.63
1120,-0.37
1121,-0.52
1122,-0.93
1123,-0.44
1124,0.46
1125,0.16
1126,0.5
1127,0.3
1128,-1.41
1129,-0.57
1130,0.53
1131,-0.48
1132,-0.17
1133,0.41
1134,-0.28
1135,0.86
1136,-0.96
1137,-0.9
1138,-0.25
1139,-0.82
1140,0.4
1141,-0.44
1142,0.32
1143,-0.8
1144,0.25
1145,0.08
1146,1.01
1147,-0.07
1148,0.53
1149,0.04
1150,-0.12
1151,-0.36
1152,-0.11
1153,-0.12
1154,1.26
1155,0.11
1156,-0.21
1157,0.55
1158,-0.33
1159,-0.33
1160,0.5
1161,0.1
1162,-0.17
1163,-0.1
1164,-0.43
1165,-0.5
1166,-0.33
1167,1.01
1168,0.35
1169,-0.05
1170,0.67
1171,-0.11
1172,0.24
1173,0.21
1174,0.03
1175,0.1
1176,-0.28
1177,-0.25
1178,0
1179,0.34
1180,0.93
1181,0.05
1182,1.53
1183,-0.88
1184,-0.04
1185,1.02
1186,-0.9
1187,-0.78
1188,-2.1
1189,0.13
1190,-0.4
1191,-4.54
1192,-0.5
1193,0.54
1194,0.8
1195,0.4
1196,-0.65
1197,0.07
1198,-0.66
1199,0.31
1200,0.52
1201,-0.55
1202,-0.26
1203,0.37
1204,0.36
1205,-0.81
1206,-0.21
1207,0.11
1208,-1
1209,-0.26
1210,0.7
1211,0.47
1212,0.18
1213,-0.19
1214,0.3
1215,-0.36
1216,0.24
1217,-0.14
1218,-0.78
1219,-0.24
1220,-0.76
1221,0.15
1222,-0.14
1223,0.22
1224,0.68
1225,1.18
1226,-1.24
1227,0.99
1228,-1.69
1229,-2.27
1230,0.35
1231,-0.31
1232,2.27
1233,-0.38
1234,1.21
1235,-0.25
1236,-0.74
1237,0.43
1238,-0.28
1239,-0.27
1240,0.38
1241,1.08
1242,-0.72
1243,-0.01
1244,-0.7
1245,-0.76
1246,0.22
1247,-0.42
1248,0.52
1249,-0.33
1250,0.74
1251,0.04
1252,-0.07
1253,0.52
1254,-0.16
1255,-0.14
1256,-0.08
1257,0.22
1258,0.9
1259,-0.42
1260,0.78
1261,0.34
1262,0.73
1263,-0.12
1264,-0.05
1265,-0.82
1266,-0.5
1267,0.37
1268,-1.19
1269,-0.03
1270,-0.36
1271,-0.3
1272,-0.03
1273,0.15
1274,0.38
1275,0.19
1276,0.02
1277,0.13
1278,0.7
1279,-0.48
1280,-0.55
1281,0.36
1282,0.63
1283,0.56
1284,-0.36
1285,0.07
1286,-0.55
1287,0.59
1288,0.07
1289,1.67
1290,-0.34
1291,-0.44
1292,-0.21
1293,-0.64
1294,0.06
1295,-0.74
1296,0.77
1297,-0.07
1298,-0.36
1299,0.17
1300,0.78
1301,0
1302,1.1
1303,-0.24
1304,0.66
1305,-0.14
1306,0.99
1307,-0.78
1308,0.82
1309,-0.44
1310,0.9
1311,0.16
1312,0.14
1313,-0.1
1314,0.71
1315,0.27
1316,-0.53
1317,0.58
1318,-0.08
1319,-0.15
1320,0.53
1321,0.21
1322,0
1323,0.72
1324,0.91
1325,-0.25
1326,0.25
1327,-1.58
1328,0.97
1329,-0.88
1330,-0.35
1331,-0.91
1332,-0.97
1333,0.14
1334,0.64
1335,1.23
1336,0.64
1337,-0.04
1338,0.1
1339,0.3
1340,-0.06
1341,0.27
1342,-0.15
1343,0.53
1344,0.13
1345,-0.31
1346,-0.94
1347,0.07
1348,-0.27
1349,0.56
1350,0
1351,0.8
1352,-0.59
1353,0.82
1354,0.05
1355,-1.46
1356,-0.26
1357,0.52
1358,-0.98
1359,-0.67
1360,-0.31
1361,-0.25
1362,-0.24
1363,1.19
1364,-0.53
1365,-0.46
1366,0.15
1367,-0.68
1368,-0.4
1369,0.2
1370,-0.16
1371,-0.46
1372,0.72
1373,0.63
1374,0.25
1375,0.72
1376,-0.05
1377,0.21
1378,-0.43
1379,-0.28
1380,0.85
1381,0.33
1382,-0.57
1383,0.64
1384,-0.06
1385,0.32
1386,-0.01
1387,-0.05
1388,-0.08
1389,0.24
1390,-0.67
1391,-0.18
1392,0.92
1393,0.01
1394,0.28
1395,0.05
1396,-0.22
1397,0.25
1398,0.53
1399,-0.35
1400,-0.67
1401,-0.05
1402,-0.22
1403,-0.07
1404,-0.26
1405,0.1
1406,0.75
1407,0.33
1408,-0.49
1409,-0.62
1410,0.03
1411,0.49
1412,0.01
1413,-0.19
1414,-0.02
1415,0.14
1416,0.48
1417,0.36
1418,0.19
1419,0.67
1420,0.11
1421,0.19
1422,-0.1
1423,0.28
1424,-0.3
1425,0.05
1426,0.33
1427,-0.35
1428,-0.43
1429,0.45
1430,-0.11
1431,-0.87
1432,0.73
1433,0.23
1434,0.82
1435,0.31
1436,0.25
1437,-0.24
1438,-0.92
1439,0.77
1440,-0.15
1441,-0.62
1442,0.65
1443,0.04
1444,0.16
1445,0.75
1446,0.11
1447,-0.36
1448,-0.18
1449,0.07
1450,0.11
1451,0.31
1452,-0.28
1453,-0.68
1454,-0.14
1455,0.06
1456,-0.1
1457,0.01
1458,-0.59
1459,0.48
1460,0.38
1461,0.1
1462,-0.05
1463,-0.39
1464,-0.02
1465,-1.19
1466,-0.32
1467,-0.01
1468,0.1
1469,-0.82
1470,-0.52
1471,0.27
1472,-0.42
1473,0.22
1474,0.27
1475,-0.57
1476,-0.55
1477,-0.93
1478,0.63
1479,-0.82
1480,0.32
1481,0.15
1482,-1.05
1483,-0.14
1484,0.51
1485,0.08
1486,0.64
1487,0
1488,0.47
1489,0.27
1490,0.06
1491,-0.29
1492,0.55
1493,0.59
1494,0.04
1495,-0.01
1496,0.36
1497,-0.1
1498,0.08
1499,-0.4
1500,0.39
1501,0.29
1502,0.5
1503,0.44
1504,0.35
1505,1.09
1506,0.52
1507,0.7
1508,0.31
1509,-0.67
1510,1.02
1511,0.32
1512,0.56
1513,0.53
1514,-1.9
1515,0.2
1516,1.11
1517,0
1518,-0.65
1519,-1.48
1520,0.96
1521,-0.19
1522,0.39
1523,0.9
1524,0.37
1525,0.56
1526,-0.72
1527,0.66
1528,-0.51
1529,0.35
1530,-0.67
1531,0.22
1532,-0.6
1533,-0.29
1534,0.53
1535,0.16
1536,0.15
1537,-0.62
1538,0.18
1539,0.64
1540,0.04
1541,0.42
1542,0.24
1543,0.04
1544,-0.05
1545,0.77
1546,0.03
1547,-0.2
1548,0.2
1549,-0.1
1550,-0.4
1551,0
1552,0.65
1553,0.23
1554,-0.18
1555,0.63
1556,-0.09
1557,-0.6
1558,0.97
1559,-0.45
1560,0.47
1561,0.08
1562,0.47
1563,-0.88
1564,0.1
1565,-0.18
1566,-2.5
1567,-1.13
1568,-1.8
1569,-0.15
1570,-0.4
1571,-2.41
1572,0.95
1573,0.74
1574,-1.3
1575,1.31
1576,0.37
1577,0.39
1578,-0.11
1579,-1.65
1580,0.46
1581,-1.13
1582,-0.35
1583,-0.39
1584,0.23
1585,0.05
1586,-0.77
1587,0.33
1588,0.02
1589,0.12
1590,0.5
1591,0.4
1592,0
1593,-0.04
1594,-1.16
1595,-0.5
1596,0.23
1597,-0.87
1598,-0.19
1599,0.37
1600,0.19
1601,-0.06
1602,-0.14
1603,0.32
1604,0.1
1605,0.47
1606,1.07
1607,0.14
1608,-0.24
1609,0.53
1610,0.79
1611,0.41
1612,0.05
1613,-0.54
1614,0.89
1615,-0.26
1616,-0.18
1617,-0.36
1618,-0.23
1619,-0.07
1620,-0.09
1621,0.19
1622,0.98
1623,0.43
1624,-0.5
1625,0.67
1626,0.22
1627,0.24
1628,-0.18
1629,0.53
1630,-0.49
1631,-1.09
1632,0.11
1633,-0.36
1634,-0.71
1635,-0.22
1636,0.92
1637,0
1638,-0.17
1639,0.38
1640,-0.28
1641,0.39
1642,1.43
1643,-0.55
1644,-0.13
1645,0.43
1646,-0.66
1647,-0.74
1648,0.72
1649,0.26
1650,1.16
1651,-0.01
1652,-0.84
1653,0.35
1654,-0.36
1655,0.08
1656,0.61
1657,-1.19
1658,0.39
1659,-0.73
1660,0.06
1661,0.57
1662,-0.59
1663,0.56
1664,0.04
1665,0.37
1666,0.95
1667,0.28
1668,0.46
1669,-0.36
1670,0.05
1671,0.53
1672,-0.54
1673,0.08
1674,-0.47
1675,-0.7
1676,0.22
1677,0.7
1678,-0.7
1679,0.1
1680,0.67
1681,0.27
1682,-0.24
1683,0.1
1684,-0.03
1685,0.05
1686,0.28
1687,-0.74
1688,-1.56
1689,-0.19
1690,-0.4
1691,0.23
1692,0.75
1693,-0.83
1694,0.12
1695,-0.28
1696,-0.96
1697,-0.14
1698,-0.1
1699,-0.52
1700,-0.2
1701,-0.05
1702,0.31
1703,-0.08
1704,1.07
1705,0.23
1706,-0.02
1707,0.75
1708,0.32
1709,-0.11
1710,0.92
1711,0.24
1712,0.61
1713,-0.4
1714,-0.39
1715,1.25
1716,0.92
1717,-0.13
1718,0.45
1719,-0.22
1720,-0.18
1721,-0.78
1722,-0.49
1723,-0.17
1724,-0.36
1725,0.38
1726,0.38
1727,-0.63
1728,-0.39
1729,-0.43
1730,-1.09
1731,0.41
1732,-0.1
1733,-0.46
1734,0.58
1735,0.62
1736,0.21
1737,0.09
1738,0.06
1739,-0.3
1740,0.43
1741,0.77
1742,-0.8
1743,0.28
1744,0.87
1745,-0.25
1746,-0.09
1747,-1.8
1748,-0.37
1749,0.61
1750,0.67
1751,0.05
1752,-0.78
1753,0.93
1754,0.16
1755,-0.01
1756,-0.38
1757,1.65
1758,-0.25
1759,-0.25
1760,-0.23
1761,0.45
1762,0.65
1763,-0.25
1764,0.37
1765,-0.22
1766,0.24
1767,-2.25
1768,-0.48
1769,1.15
1770,-0.28
1771,0.93
1772,0.2
1773,-0.75
1774,2.75
1775,-1.1
1776,-0.21
1777,0.12
1778,0.8
1779,-0.5
1780,1.14
1781,-0.71
1782,-0.41
1783,-0.17
1784,0.41
1785,0.59
1786,-0.31
1787,-0.53
1788,0.66
1789,-0.93
1790,-0.1
1791,-0.28
1792,-1.3
1793,0.06
1794,0.77
1795,-0.23
1796,-0.44
1797,-0.61
1798,0.24
1799,-0.16
1800,0.96
1801,0.27
1802,-0.16
1803,0.79
1804,0.12
1805,0.35
1806,0.14
1807,0.06
1808,-0.41
1809,0.67
1810,-0.29
1811,0.86
1812,-0.01
1813,0.49
1814,0.4
1815,0.81
1816,-0.83
1817,0.13
1818,0.95
1819,-0.13
1820,-0.55
1821,-0.89
1822,0.39
1823,-0.46
1824,1.63
1825,0.33
1826,0.23
1827,-0.52
1828,-0.1
1829,-0.76
1830,0.83
1831,-0.26
1832,-0.82
1833,-0.81
1834,-0.47
1835,1
1836,-0.75
1837,0.3
1838,-1.4
1839,-0.02
1840,0.31
1841,1.59
1842,0.91
1843,0.05
1844,0.48
1845,-0.36
1846,-0.61
1847,0.18
1848,0.13
1849,0.86
1850,-1.15
1851,-0.33
1852,0.01
1853,0.54
1854,0.4
1855,-0.07
1856,0.91
1857,-0.36
1858,0.57
1859,-0.26
1860,1.1
1861,0.51
1862,0.47
1863,0.2
1864,-1.42
1865,1.14
1866,0.98
1867,0.35
1868,0.74
1869,-0.16
1870,-0.45
1871,-0.08
1872,0.54
1873,-1.29
1874,1.62
1875,-0.76
1876,-0.41
1877,-1.02
1878,-0.03
1879,0
1880,2.05
1881,-1.06
1882,-1.73
1883,-0.29
1884,-0.4
1885,-0.1
1886,-0.78
1887,1.06
1888,-0.52
1889,-0.01
1890,-0.56
1891,-0.1
1892,1.02
1893,-0.15
1894,-0.61
1895,0.13
1896,-0.14
1897,-0.1
1898,-0.46
1899,-1.01
1900,-0.63
1901,0.61
1902,2.36
1903,-0.22
1904,0.37
1905,0.74
1906,-0.85
1907,1.51
1908,0.45
1909,0.15
1910,-1.05
1911,0.83
1912,0.9
1913,0.08
1914,0.58
1915,-0.11
1916,-0.48
1917,0.68
1918,0.43
1919,0.16
1920,0.34
1921,0.99
1922,-0.15
1923,0.54
1924,-0.12
1925,0.47
1926,-0.07
1927,0.74
1928,0.14
1929,0.58
1930,-0.71
1931,-0.05
1932,1.05
1933,0.63
1934,0.22
1935,-0.3
1936,0.07
1937,0.72
1938,0.62
1939,-1.07
1940,-1.4
1941,-0.6
1942,-1.74
1943,0.07
1944,0.06
1945,-0.98
1946,1.16
1947,1.43
1948,-1.32
1949,-0.67
1950,-0.21
1951,-0.28
1952,1.54
1953,-0.42
1954,-0.4
1955,0.71
1956,0.69
1957,-1.35
1958,2.4
1959,0.52
1960,0.96
1961,1.1
1962,0.87
1963,-0.4
1964,0.74
1965,0.65
1966,-0.98
1967,1.22
1968,-0.9
1969,0.13
1970,0.11
1971,0.85
1972,1.03
1973,0.43
1974,1.34
1975,0.53
1976,-0.86
1977,0.89
1978,-0.29
1979,-1.86
1980,0.05
1981,1.57
1982,0.28
1983,1.22
1984,-0.6
1985,0.36
1986,-2.05
1987,-1.11
1988,-0.72
1989,-1.32
1990,-0.59
1991,-0.11
1992,-0.82
1993,-0.95
1994,0.41
1995,-1.51
1996,-0.7
1997,-0.35
1998,-0.89
1999,-2.01
2000,1.16
2001,-0.21
2002,0.53
2003,1.49
2004,-0.03
2005,0.77
2006,-0.41
2007,0.5
2008,-0.25
2009,1.18
2010,0.18
2011,-3.04
2012,-2.7
2013,0.08
2014,-0.14
2015,-1.32
2016,-0.21
2017,1.43
2018,-1.09
2019,-0.47
2020,0.26
2021,4.5
2022,-0.04
2023,1.57
2024,-0.39
2025,0.09
2026,-2.32
2027,-0.15
2028,-0.69
2029,0
2030,0.64
2031,-1.31
2032,0.87
2033,0.58
2034,0.37
2035,0.25
2036,2.25
2037,0.03
2038,1.43
2039,-1.26
2040,0.3
2041,2.01
2042,-0.5
2043,-0.16
2044,0.08
2045,-0.02
2046,-1.1
2047,1.82
2048,-0.14
2049,0.4
2050,-0.2
2051,0.57
2052,-1.76
2053,-0.24
2054,0.61
2055,-0.95
2056,-1.04
2057,0.13
2058,-0.56
2059,0.09
2060,-0.3
2061,1.55
2062,0.37
2063,0.1
2064,0.4
2065,0.51
2066,0
2067,0.44
2068,0.23
2069,1.51
2070,0.56
2071,1.08
2072,0.81
2073,0.08
2074,0.34
2075,0.58
2076,1.84
2077,-0.79
2078,-0.23
2079,1.42
2080,0.82
2081,-1.07
2082,0.11
2083,0.53
2084,0.29
2085,0.64
2086,1.42
2087,-0.06
2088,-0.18
2089,-0.4
2090,-3.87
2091,0.83
2092,-0.6
2093,-0.33
2094,-0.79
2095,2.59
2096,0.92
2097,1.78
2098,-1.39
2099,-0.45
2100,-1.51
2101,-0.74
2102,-0.62
2103,0.32
2104,-1.86
2105,0.54
2106,-0.69
2107,-0.94
2108,2.21
2109,0.74
2110,0.2
2111,1.78
2112,-0.41
2113,-0.63
2114,-1.18
2115,-0.55
2116,-0.13
2117,0.28
2118,-1.41
2119,0.88
2120,-0.55
2121,-0.11
2122,0.01
2123,0.9
2124,-1.7
2125,-1.51
2126,-0.55
2127,-0.43
2128,0.89
2129,0.04
2130,-0.43
2131,-0.01
2132,0.37
2133,0.01
2134,1.95
2135,0.47
2136,-0.29
2137,-0.09
2138,-0.03
2139,1.16
2140,0.84
2141,0.6
2142,0.71
2143,-0.99
2144,0.3
2145,-0.56
2146,0.62
2147,0.02
2148,1.52
2149,0.6
2150,0.18
2151,2.62
2152,0.18
2153,0.26
2154,-1.3
2155,0.97
2156,0.18
2157,1.29
2158,-0.75
2159,-2.33
2160,-0.06
2161,1.05
2162,0.72
2163,0.73
2164,0.52
2165,-0.83
2166,1.45
2167,-2.9
2168,2.85
2169,-0.62
2170,-1.54
2171,0.19
2172,-0.73
2173,0.5
2174,-0.36
2175,-0.8
2176,1.39
2177,0.53
2178,1.07
2179,-0.24
2180,-0.06
2181,1.49
2182,0.79
2183,-0.43
2184,-0.09
2185,0.58
2186,0.11
2187,1.83
2188,0.23
2189,0.98
2190,2.13
2191,1.36
2192,-0.58
2193,-1.58
2194,-1.69
2195,-1.66
2196,2.46
2197,1.66
2198,-0.71
2199,0.09
2200,0.63
2201,0.35
2202,-1.46
2203,1.38
2204,0.65
2205,-0.01
2206,-0.84
2207,-1.79
2208,0
2209,-0.56
2210,-1.94
2211,0.96
2212,-1.93
2213,0.62
2214,0.39
2215,0.2
2216,-1.42
2217,3.56
2218,-1.06
2219,1.33
2220,0.33
2221,-2.47
2222,-0.44
2223,0.83
2224,0.25
2225,-0.79
2226,-0.32
2227,-0.06
2228,-2.47
2229,0.16
2230,-2.13
2231,0.09
2232,-0.28
2233,1.09
2234,1.81
2235,-0.43
2236,-1.03
2237,1.36
2238,-0.96
2239,-0.72
2240,-1.09
2241,-0.1
2242,0.7
2243,1.08
2244,-0.16
2245,-0.46
2246,1.37
2247,-1
2248,-1.78
2249,1.84
2250,1.02
2251,0.93
2252,-2.29
2253,-0.3
2254,-0.18
2255,-1.86
2256,-1.55
2257,-0.2
2258,0.35
2259,-0.77
2260,0.12
2261,-0.96
2262,0.52
2263,0.85
2264,-0.48
2265,-0.32
2266,-0.26
2267,-0.24
2268,0.33
2269,0.01
2270,0.4
2271,1.26
2272,1.14
2273,-0.37
2274,-0.51
2275,1.09
2276,0.92
2277,0.05
2278,1.93
2279,0.43
2280,0.08
2281,-1.56
2282,-2.02
2283,-0.01
2284,-0.03
2285,1.25
2286,-1.02
2287,0.26
2288,0.37
2289,0.81
2290,0.62
2291,3.17
2292,-0.26
2293,0.43
2294,0.75
2295,0.08
2296,-0.19
2297,-0.78
2298,1.41
2299,-1.37
2300,0.76
2301,0.88
2302,0.38
2303,0.04
2304,1.28
2305,-0.36
2306,-0.74
2307,-1.21
2308,0.32
2309,2.02
2310,0.19
2311,-1.95
2312,2.45
2313,-2.15
2314,-0.95
2315,0.78
2316,-1.68
2317,-0.82
2318,-0.12
2319,-1.04
2320,-0.5
2321,-0.89
2322,-0.6
2323,-0.89
2324,1.56
2325,1.71
2326,-0.7
2327,-0.64
2328,0
2329,1.42
2330,-0.69
2331,0.34
2332,1.34
2333,1.15
2334,0.42
2335,-1.28
2336,-1.62
2337,-1.37
2338,0.4
2339,0.22
2340,1.95
2341,1.4
2342,0.73
2343,-1.05
2344,1.47
2345,-1.24
2346,-2.34
2347,1.27
2348,0.53
2349,1.02
2350,-0.19
2351,1.72
2352,0.57
2353,1.07
2354,0.11
2355,1.22
2356,-1.35
2357,0.81
2358,0.84
2359,-0.47
2360,1.09
2361,0.32
2362,1.02
2363,-0.15
2364,1.58
2365,1.72
2366,-0.12
2367,1.37
2368,0.02
2369,-1.1
2370,0.6
2371,-1.67
2372,0.36
2373,1.22
2374,1.08
2375,-0.72
2376,-1.89
2377,-0.62
2378,-2.96
2379,2.34
2380,-0.77
2381,2.37
2382,-0.9
2383,-2.61
2384,-0.03
2385,-1.14
2386,-0.13
2387,-0.46
2388,-0.41
2389,2.45
2390,-0.52
2391,0.06
2392,1.37
2393,-0.72
2394,0.66
2395,-2.25
2396,1.2
2397,-0.35
2398,0.71
2399,-0.88
2400,-1.08
2401,-1.41
2402,3.37
2403,-0.51
2404,-2.95
2405,-0.15
2406,0.52
2407,-1.03
2408,1.39
2409,1.17
2410,0.6
2411,1.43
2412,0.31
2413,-0.06
2414,1.41
2415,0.5
2416,1.26
2417,0.18
2418,0.74
2419,-0.77
2420,-0.29
2421,0.24
2422,1.02
2423,-1.75
2424,0.75
2425,-0.1
2426,2.19
2427,0.9
2428,-1.01
2429,0.2
2430,-3.7
2431,0.94
2432,0.4
2433,-0.87
2434,0.4
2435,1.27
2436,1.6
2437,-1.41
2438,0.8
2439,1.64
2440,1.24
2441,-1.35
2442,0.25
2443,1.29
2444,0.11
2445,0.33
2446,-2.57
2447,-0.5
2448,-1.41
2449,-0.21
2450,-0.9
2451,-2.25
2452,0.88
2453,1.12
2454,-0.36
2455,-0.94
2456,0.28
2457,1.18
2458,-3.14
2459,-2.43
2460,0.14
2461,0.51
2462,2.83
2463,-1.87
2464,-2.68
2465,-0.53
2466,-0.89
2467,-0.22
2468,-1.89
2469,-0.18
2470,-0.95
2471,-0.53
2472,-0.52
2473,1.24
2474,1.05
2475,-3.43
2476,0.18
2477,-0.46
2478,-0.92
2479,0.64
2480,-0.93
2481,3.08
2482,-1.59
2483,-0.29
2484,-2.52
2485,-0.46
2486,2.11
2487,-1.03
2488,2.35
2489,-1.45
2490,-0.05
2491,0.12
2492,1.1
2493,-0.75
2494,1.91
2495,-1.62
2496,-0.77
2497,0.2
2498,-1.38
2499,0
2500,2.23
2501,-0.03
2502,-0.77
2503,-0.91
2504,-0.95
2505,0.24
2506,-0.11
2507,0.29
2508,0.47
2509,-0.03
2510,0.19
2511,2.54
2512,-0.54
2513,-2.3
2514,1.02
2515,0.07
2516,1.53
2517,-2.49
2518,0.37
2519,2.15
2520,-0.87
2521,1.04
2522,1.02
2523,-0.2
2524,0.7
2525,0.91
2526,2.23
2527,0.38
2528,-0.77
2529,-0.32
2530,0.05
2531,-0.53
2532,0.5
2533,-1.08
2534,-0.01
2535,-0.69
2536,0.96
2537,0.06
2538,-0.1
2539,-0.62
2540,0.94
2541,-1
2542,-0.21
2543,-1.22
2544,-1.29
2545,-0.45
2546,-0.47
2547,-1.86
2548,-2.05
2549,-1.76
2550,0
2551,-0.44
2552,-0.27
2553,-0.43
2554,-1.73
2555,1.33
2556,-0.09
2557,-0.36
2558,1.46
2559,2.05
2560,-0.41
2561,1.18
2562,0.56
2563,-0.38
2564,-0.58
2565,-0.02
2566,1.83
2567,0.22
2568,0.19
2569,1.74
2570,-0.63
2571,0.31
2572,-1.11
2573,-0.03
2574,-1.69
2575,0.6
2576,-1.07
2577,-0.8
2578,2.53
2579,-0.87
2580,1.83
2581,0.88
2582,1.76
2583,-0.04
2584,-0.06
2585,-0.89
2586,1.79
2587,0.74
2588,-2.14
2589,-0.1
2590,1.45
2591,-0.23
2592,-0.65
2593,0.34
2594,0.93
2595,-0.63
2596,-0.49
2597,0.53
2598,-0.44
2599,-0.38
2600,0.07
2601,1.39
2602,1.53
2603,1.33
2604,-0.18
2605,1.9
2606,1.04
2607,1.28
2608,0.47
2609,-0.94
2610,0.09
2611,1.06
2612,-1.51
2613,0.96
2614,-0.81
2615,0.99
2616,-1.68
2617,-0.76
2618,-1.25
2619,1.08
2620,0.17
2621,0.46
2622,1.14
2623,-0.5
2624,0.07
2625,-0.23
2626,-0.05
2627,0.17
2628,-1.83
2629,-0.72
2630,0.29
2631,-2.44
2632,0.85
2633,-0.05
2634,1.13
2635,0.55
2636,0.68
2637,0.88
2638,0.09
2639,2.25
2640,0.18
2641,0.25
2642,0.54
2643,0.96
2644,0.95
2645,-1.24
2646,-1.41
2647,-1.67
2648,0.54
2649,0.47
2650,2.25
2651,0.46
2652,0.14
2653,0.86
2654,-2.32
2655,-1.19
2656,-0.29
2657,0.68
2658,1.94
2659,0.45
2660,0.7
2661,-0.16
2662,-1.62
2663,1.26
2664,0.23
2665,-0.68
2666,0.05
2667,0.43
2668,0.12
2669,0.26
2670,0.68
2671,1.36
2672,1.14
2673,1.18
2674,0.52
2675,0.78
2676,-0.44
2677,0.8
2678,-0.12
2679,0.05
2680,-0.58
2681,0.41
2682,0.37
2683,0.72
2684,-0.73
2685,-2.48
2686,-0.67
2687,2.07
2688,-0.7
2689,-0.51
2690,0.94
2691,0.1
2692,-0.97
2693,-0.78
2694,-2.67
2695,-2.27
2696,0.31
2697,-0.65
2698,-0.51
2699,1.73
2700,-2.01
2701,2.01
2702,-2.53
2703,1.03
2704,-1.43
2705,-0.49
2706,-0.15
2707,1
2708,0.76
2709,-0.64
2710,0.81
2711,0.82
2712,0.98
2713,0.83
2714,1.93
2715,0.5
2716,1.49
2717,-1.13
2718,-0.11
2719,1.26
2720,0.92
2721,0.69
2722,0.43
2723,-0.28
2724,-0.99
2725,1.47
2726,0.01
2727,0.43
2728,-1.04
2729,-1.05
2730,-0.61
2731,2.67
2732,2.09
2733,-2.64
2734,-1.46
2735,0.93
2736,0.04
2737,1.21
2738,-2.11
2739,0.88
2740,0.03
2741,2.98
2742,-0.01
2743,1.68
2744,1.93
2745,0.81
2746,-0.21
2747,-0.78
2748,-1.53
2749,-0.41
2750,1.16
2751,1.93
2752,-0.69
2753,5.16
2754,0
2755,0
2756,0.49
2757,1.75
2758,0.05
2759,1.83
2760,0.86
2761,-0.45
2762,-2.08
2763,-0.76
2764,-2.47
2765,1.64
2766,-0.41
2767,1.67
2768,-0.4
2769,2.54
2770,0.84
2771,0.36
2772,-0.45
2773,-1.65
2774,-1.59
2775,0.7
2776,-3.63
2777,-0.86
2778,2.12
2779,0.73
2780,-2.24
2781,0
2782,-1.13
2783,0.44
2784,3.92
2785,0.88
2786,-0.71
2787,-1.54
2788,0.39
2789,0.27
2790,0.08
2791,-0.03
2792,0.56
2793,4.07
2794,0.26
2795,-2.24
2796,3.33
2797,1.44
2798,-1.58
2799,-2.68
2800,2.18
2801,0.39
2802,-3.96
2803,-0.94
2804,0.72
2805,-1.71
2806,-2.77
2807,0.86
2808,0.7
2809,-1.55
2810,-1.05
2811,0.63
2812,3.27
2813,-0.05
2814,1.58
2815,-0.03
2816,-0.88
2817,-0.17
2818,-0.32
2819,-1.49
2820,-0.87
2821,-0.18
2822,2.9
2823,2.48
2824,0.35
2825,-0.46
2826,2.1
2827,1.04
2828,0.07
2829,0.85
2830,-0.36
2831,-1.45
2832,1.36
2833,1.62
2834,-0.77
2835,1.55
2836,1.07
2837,0.93
2838,-3.23
2839,2.35
2840,2.52
2841,1.19
2842,0.67
2843,1.45
2844,1.21
2845,1.19
2846,-0.02
2847,-4.75
2848,0.94
2849,-2.7
2850,-2.87
2851,1.15
2852,-1.02
2853,2.92
2854,1.06
2855,-1.21
2856,-0.35
2857,-3.64
2858,0.16
2859,3.46
2860,-0.1
2861,3.77
2862,-0.93
2863,2.41
2864,-0.09
2865,-0.22
2866,1.17
2867,2.52
2868,0.11
2869,0.39
2870,-0.67
2871,0.68
2872,2.19
2873,1.8
2874,-0.49
2875,1.77
2876,-0.92
2877,-1.84
2878,-2.74
2879,-3.82
2880,4.62
2881,3.76
2882,4.2
2883,0.39
2884,-0.42
2885,3.69
2886,-0.65
2887,0.22
2888,-1.93
2889,1.58
2890,0.22
2891,-0.79
2892,1.93
2893,3.16
2894,1.76
2895,0.68
2896,-0.8
2897,0.01
2898,0.4
2899,-1.48
2900,0.65
2901,-2.22
2902,-4.56
2903,0.64
2904,10.45
2905,1.62
2906,0.81
2907,-0.72
2908,-2.41
2909,2.18
2910,-0.39
2911,-2.63
2912,-2.15
2913,2.72
2914,2.44
2915,0.26
2916,0.83
2917,-3.78
2918,5.23
2919,2.56
2920,-0.98
2921,2.27
2922,0.57
2923,2.71
2924,-4.33
2925,-5.47
2926,-0.24
2927,1.9
2928,7.87
2929,-1.25
2930,-6.41
2931,-2.71
2932,0.85
2933,-4.82
2934,0
2935,-2.16
2936,-0.32
2937,-1.43
2938,-0.73
2939,0.97
2940,0.1
2941,-3.31
2942,1.64
2943,0.06
2944,-2.29
2945,-5.37
2946,-2.03
2947,2.47
2948,-3.91
2949,-2.49
2950,-1.56
2951,1.7
2952,1.14
2953,-3.02
2954,0.53
2955,-0.31
2956,-0.3
2957,8.52
2958,-3.25
2959,-4.25
2960,2.46
2961,0.85
2962,0.49
2963,-0.05
2964,-8.55
2965,-1.06
2966,-0.47
2967,-0.9
2968,-1.43
2969,-2.14
2970,-2.94
2971,0.01
2972,-1.64
2973,-3.92
2974,-4.6
2975,0.24
2976,4.8
2977,2.57
2978,6.97
2979,0.29
2980,1.37
2981,-1.64
2982,0.43
2983,-4.92
2984,-2.44
2985,-1.33
2986,-3.31
2987,0.07
2988,-4.24
2989,-1.54
2990,-2.4
2991,0.88
2992,-7.07
2993,-0.21
2994,0.61
2995,-8.12
2996,-2.72
2997,1.91
2998,1.4
2999,-1.46
3000,-3.04
3001,2.11
3002,-4.49
3003,-1.23
3004,-0.47
3005,5.13
3006,-3.14
3007,-0.86
3008,0.32
3009,2.46
3010,-1.69
3011,-4.95
3012,0.7
3013,0.24
3014,-2.32
3015,-2.29
3016,-1.15
3017,-0.62
3018,0.12
3019,-1.72
3020,-0.75
3021,-2.56
3022,-0.88
3023,4.6
3024,-2
3025,1.88
3026,-1.67
3027,-0.14
3028,-1.94
3029,-1.25
3030,-0.56
3031,-6.79
3032,2.98
3033,-0.25
3034,-0.43
3035,4.2
3036,-1.16
3037,2.64
3038,-3.02
3039,-0.16
3040,-1.65
3041,-0.67
3042,-1.44
3043,-2.81
3044,-0.82
3045,-0.72
3046,0.43
3047,1.06
3048,0.6
3049,7.12
3050,2.9
3051,3.05
3052,-2.66
3053,-3.29
3054,-0.6
3055,-1.48
3056,2.19
3057,-0.78
3058,0.05
3059,1.1
3060,-2.2
3061,-1.32
3062,2.52
3063,0.71
3064,4.87
3065,-5.14
3066,0
3067,0.27
3068,1.04
3069,-1.21
3070,0.19
3071,0.53
3072,0.24
3073,0.57
3074,2.74
3075,-1.35
3076,-1.64
3077,2.99
3078,-3.87
3079,-3.67
3080,-0.28
3081,2.95
3082,-0.17
3083,-0.92
3084,-1.09
3085,2.19
3086,2.78
3087,-0.74
3088,-1.81
3089,0.12
3090,3.35
3091,-1.62
3092,-0.97
3093,1.07
3094,0.44
3095,-1.79
3096,-1.01
3097,2.78
3098,-0.85
3099,1.41
3100,-0.31
3101,2.81
3102,1.24
3103,2.57
3104,-0.52
3105,0.14
3106,0.43
3107,-1.08
3108,-1.76
3109,-2.92
3110,-0.21
3111,4.97
3112,-0.41
3113,0.43
3114,-0.29
3115,1.44
3116,0.27
3117,-1.6
3118,1.33
3119,-0.75
3120,0.52
3121,0.19
3122,-2.96
3123,-0.37
3124,-0.19
3125,-0.21
3126,2
3127,-1.62
3128,-0.03
3129,1.58
3130,0.08
3131,1.45
3132,1.51
3133,-0.1
3134,1.91
3135,1.56
3136,-0.61
3137,-0.03
3138,0.53
3139,0.32
3140,-0.59
3141,0.08
3142,0.18
3143,0.61
3144,1.98
3145,-1.08
3146,0.68
3147,0.35
3148,2.23
3149,2.19
3150,1.51
3151,1.62
3152,1.07
3153,-1.52
3154,1.53
3155,0.09
3156,-0.16
3157,1.33
3158,1.58
3159,1.19
3160,-1.09
3161,-2.13
3162,2.03
3163,-1.57
3164,1.01
3165,0.52
3166,-4.35
3167,0.23
3168,2.11
3169,0.35
3170,-0.72
3171,1.65
3172,-1.64
3173,0.41
3174,-2.78
3175,-2.62
3176,-1.58
3177,-1.83
3178,-0.54
3179,-0.74
3180,-0.18
3181,2.23
3182,0.77
3183,0.77
3184,1.52
3185,1.1
3186,1.29
3187,-0.57
3188,2.7
3189,0.76
3190,0.96
3191,-1.25
3192,-2.74
3193,3.03
3194,1.26
3195,2.82
3196,0.92
3197,0.57
3198,0.22
3199,-0.4
3200,-0.42
3201,-2.21
3202,2.45
3203,-0.27
3204,-2.43
3205,-2.68
3206,0.01
3207,4.15
3208,0.94
3209,-0.04
3210,0.63
3211,-1.24
3212,-2.36
3213,-0.06
3214,2.12
3215,-3.78
3216,-0.24
3217,-1.18
3218,-0.82
3219,-0.94
3220,3.36
3221,0.56
3222,-0.8
3223,-0.2
3224,-1.85
3225,-0.38
3226,1.98
3227,3.05
3228,-0.84
3229,-2.61
3230,1.54
3231,-2.22
3232,-2.44
3233,-0.39
3234,0.83
3235,-0.8
3236,1.19
3237,1.3
3238,-0.62
3239,-1.24
3240,3.25
3241,-0.86
3242,0.82
3243,0.98
3244,1.3
3245,0.06
3246,1.35
3247,0.98
3248,1.44
3249,1.28
3250,0.65
3251,1.23
3252,0.62
3253,-0.64
3254,-1.27
3255,0.24
3256,-1.58
3257,2.07
3258,-2.27
3259,0.65
3260,0.12
3261,2.53
3262,-0.19
3263,-2.51
3264,1.67
3265,-0.11
3266,-0.08
3267,-1.81
3268,-0.37
3269,2.33
3270,0.22
3271,1.28
3272,-2.19
3273,-0.84
3274,2.53
3275,-2.79
3276,1.22
3277,-0.57
3278,1.77
3279,0.91
3280,-1.72
3281,0.8
3282,-0.02
3283,-1.56
3284,-1.25
3285,-1.3
3286,-2.72
3287,-0.84
3288,1.12
3289,0.14
3290,2.01
3291,-2.06
3292,0.59
3293,0.87
3294,-1.1
3295,2.23
3296,1.28
3297,1.44
3298,0.06
3299,0.97
3300,0.29
3301,1.14
3302,0.22
3303,0.87
3304,0.43
3305,-0.51
3306,0.08
3307,-0.76
3308,-1.81
3309,0.04
3310,-0.76
3311,-1.67
3312,-0.09
3313,-0.96
3314,-1.4
3315,-0.55
3316,0.45
3317,0.12
3318,-2.1
3319,0.55
3320,0.38
3321,2.36
3322,1.83
3323,-4.47
3324,-1.19
3325,-0.49
3326,0.78
3327,0
3328,1.95
3329,-0.86
3330,3.33
3331,0.07
3332,1.72
3333,0.27
3334,0.07
3335,-0.51
3336,0.56
3337,-2.62
3338,1.98
3339,-0.29
3340,1.43
3341,1.16
3342,-0.78
3343,1.32
3344,-0.26
3345,-0.17
3346,1.52
3347,-0.85
3348,-0.06
3349,-2.3
3350,2.37
3351,0.83
3352,-0.19
3353,-1.72
3354,-0.28
3355,1.08
3356,-1.14
3357,0.61
3358,-0.66
3359,1.91
3360,-0.43
3361,0.91
3362,2.26
3363,1.85
3364,0.57
3365,-0.56
3366,-1.86
3367,0.14
3368,2.44
3369,-1.77
3370,2.37
3371,1.09
3372,-2.09
3373,-1.72
3374,1.64
3375,-0.18
3376,0.03
3377,1.51
3378,0.63
3379,-1.13
3380,-1
3381,2.23
3382,-0.63
3383,1.9
3384,-2.7
3385,-3.08
3386,-2.1
3387,-3.73
3388,1.6
3389,0.92
3390,-0.3
3391,0.71
3392,-2.98
3393,-2.56
3394,1.25
3395,-3.26
3396,-2.3
3397,0.89
3398,-0.83
3399,-2.44
3400,3.41
3401,2.97
3402,-0.56
3403,0.08
3404,-0.3
3405,0.34
3406,-1.28
3407,-0.75
3408,0.34
3409,2.25
3410,0.65
3411,-1.05
3412,1.83
3413,0.18
3414,0.83
3415,1.4
3416,-0.47
3417,1.48
3418,-0.45
3419,-2.86
3420,-0.05
3421,1.04
3422,0.45
3423,-2.45
3424,0.73
3425,-3.21
3426,0.02
3427,1.33
3428,-0.11
3429,1.59
3430,0.64
3431,-0.85
3432,2.1
3433,0.18
3434,-1.11
3435,0.03
3436,0.74
3437,0.02
3438,-0.56
3439,1.84
3440,-0.32
3441,0.63
3442,-2.38
3443,1.14
3444,1.94
3445,-1.1
3446,4.43
3447,1.67
3448,0.16
3449,-0.86
3450,-1.62
3451,0.26
3452,-1.65
3453,-2.06
3454,-1.2
3455,-1.49
3456,-0.58
3457,2.18
3458,-1.64
3459,-0.26
3460,-1.36
3461,-0.4
3462,-2.47
3463,0.13
3464,3.76
3465,0.66
3466,0.89
3467,-0.54
3468,0.02
3469,-0.6
3470,0.1
3471,0.75
3472,1.7
3473,0.39
3474,-0.33
3475,0.98
3476,0.37
3477,-0.43
3478,0.43
3479,-1.46
3480,1.99
3481,-0.66
3482,-1.47
3483,0.4
3484,1.04
3485,-1.02
3486,1.43
3487,-0.35
3488,1.98
3489,1.92
3490,0.73
3491,-0.07
3492,1.66
3493,-1.34
3494,0.21
3495,-0.8
3496,-0.09
3497,1.02
3498,-0.46
3499,-1.61
3500,0.36
3501,-1.18
3502,0.56
3503,-0.4
3504,-0.53
3505,1.16
3506,0.71
3507,-1.35
3508,1.7
3509,-0.5
3510,1.59
3511,0.65
3512,0.62
3513,1.5
3514,0.22
3515,0.1
3516,0.78
3517,-0.01
3518,0.16
3519,-2.01
3520,-0.58
3521,-1.51
3522,-0.62
3523,0.34
3524,-0.53
3525,-0.83
3526,0.03
3527,2.16
3528,0.25
3529,1.12
3530,0.12
3531,2.54
3532,0.81
3533,1.28
3534,0.6
3535,-0.47
3536,-1.04
3537,0.19
3538,-0.39
3539,0.86
3540,0.23
3541,0.7
3542,-0.24
3543,0.02
3544,0.2
3545,1.8
3546,0.44
3547,0.08
3548,-0.55
3549,0.44
3550,0
3551,-1.02
3552,0.73
3553,2.59
3554,-2.3
3555,1.55
3556,-0.12
3557,-0.7
3558,0.8
3559,1.75
3560,1.06
3561,0
3562,0
3563,-0.03
3564,0.59
3565,-2.15
3566,0.57
3567,-0.08
3568,0
3569,-0.72
3570,0.44
3571,0.58
3572,1.91
3573,1.43
3574,0.9
3575,0.39
3576,-2.26
3577,0.01
3578,-0.19
3579,0.91
3580,0.58
3581,-0.81
3582,3.19
3583,-0.64
3584,0.3
3585,0.67
3586,-1.25
3587,4.62
3588,2.95
3589,4.14
3590,-2.44
3591,0.8
3592,1.07
3593,3.55
3594,-2.47
3595,1.29
3596,0.87
3597,-4.26
3598,2.87
3599,-1.12
3600,0
3601,-1.12
3602,-1.84
3603,-0.15
3604,3.22
3605,-0.05
3606,0.79
3607,0.71
3608,0.02
3609,-0.24
3610,0.04
3611,0.5
3612,-0.37
3613,-0.23
3614,1.59
3615,1.69
3616,1.44
3617,2.8
3618,0.14
3619,-0.11
3620,3.4
3621,0.16
3622,-5.13
3623,1.37
3624,0.04
3625,1.89
3626,-2.94
3627,-0.34
3628,2.91
3629,-0.62
3630,0.91
3631,0.39
3632,1.65
3633,0.05
3634,-2.63
3635,-2.46
3636,-9.62
3637,1.76
3638,-0.48
3639,4.61
3640,-2.16
3641,-2.79
3642,0.21
3643,0.64
3644,-4.33
3645,3.15
3646,0.66
3647,-1.95
3648,-1.12
3649,2.39
3650,1.95
3651,0.59
3652,-0.21
3653,2.33
3654,-1.03
3655,-1.85
3656,0.79
3657,0.31
3658,0.74
3659,2.29
3660,1.52
3661,-1.24
3662,1.78
3663,-0.14
3664,-5.68
3665,0.02
3666,-0.95
3667,-1.53
3668,-0.19
3669,1.57
3670,-5.32
3671,-3.48
3672,-0.22
3673,3
3674,3.92
3675,0.22
3676,-1.89
3677,3.39
3678,0.34
3679,3.85
3680,0
3681,-0.05
3682,0.01
3683,1.1
3684,-1.08
3685,0.68
3686,-1.01
3687,1.13
3688,0.34
3689,-0.27
3690,0.74
3691,-0.72
3692,-0.13
3693,-0.15
3694,0.17
3695,-2.23
3696,0.44
3697,-0.35
3698,-2.28
3699,-3.52
3700,-3.3
3701,-3.86
3702,0.57
3703,0.21
3704,3.98
3705,0.35
3706,0.72
3707,0.8
3708,1.68
3709,-3.01
3710,1.01
3711,-0.54
3712,1.52
3713,1.56
3714,0
3715,0.38
3716,3.3
3717,0.89
3718,-0.05
3719,-0.51
3720,-2.63
3721,4.21
3722,0.49
3723,-2.89
3724,-0.35
3725,-0.67
3726,-0.98
3727,3.61
3728,-0.45
3729,-3.37
3730,1.5
3731,-0.13
3732,-5.05
3733,-0.04
3734,-1.27
3735,1.64
3736,-1.02
3737,-1.44
3738,-1.66
3739,-1.81
3740,-1.77
3741,1.93
3742,0.61
3743,2.18
3744,2.93
3745,-0.27
3746,3.22
3747,0.01
3748,1.88
3749,-1.41
3750,-0.84
3751,-0.32
3752,-2.76
3753,2.6
3754,0.07
3755,0.44
3756,-1.68
3757,2.02
3758,-2.44
3759,-1.58
3760,-1.46
3761,3.85
3762,-0.06
3763,1.46
3764,2.53
3765,0.86
3766,-0.32
3767,-1.97
3768,1.11
3769,-1.86
3770,-0.67
3771,0.01
3772,-2.66
3773,-1.43
3774,-1.84
3775,1.79
3776,-0.94
3777,-0.75
3778,3.3
3779,1.87
3780,-0.03
3781,-2.39
3782,0.76
3783,0.59
3784,-0.02
3785,-0.09
3786,-1.84
3787,-0.32
3788,-0.09
3789,1.43
3790,-3.53
3791,-1.2
3792,-0.52
3793,0.55
3794,3.25
3795,0.2
3796,0.98
3797,0.3
3798,-1.74
3799,-0.65
3800,1.2
3801,3.03
3802,2.25
3803,0.22
3804,-1.63
3805,-0.89
3806,2.23
3807,-1.64
3808,1.31
3809,-3.09
3810,0.67
3811,-0.74
3812,-0.27
3813,-1.04
3814,0.96
3815,-1.08
3816,0.1
3817,0.6
3818,1.42
3819,-0.26
3820,0.02
3821,1.7
3822,-1
3823,1.6
3824,2.91
3825,1.39
3826,0.32
3827,1.22
3828,-0.27
3829,0.6
3830,-0.43
3831,1.95
3832,0.75
3833,-0.31
3834,0.16
3835,2.22
3836,1.46
3837,0.36
3838,1.57
3839,-2.44
3840,-1.79
3841,3.53
3842,0.17
3843,0.75
3844,-1.65
3845,0.34
3846,2.59
3847,0.12
3848,-0.81
3849,0.87
3850,-1.16
3851,-3.35
3852,1.46
3853,0.67
3854,-1.38
3855,-0.49
3856,-1.4
3857,2.72
3858,0.64
3859,-0.6
3860,-0.84
3861,-1.18
3862,0.18
3863,1.03
3864,-1.4
3865,0.54
3866,-1.69
3867,-1.48
3868,0.16
3869,0.05
3870,-2.39
3871,-0.82
3872,-2.23
3873,1.82
3874,1.08
3875,-1.42
3876,1.08
3877,-0.29
3878,1.88
3879,-0.03
3880,-0.64
3881,0.91
3882,-2
3883,-1.66
3884,-4.25
3885,-1.18
3886,1.41
3887,0.35
3888,0.26
3889,-1.71
3890,0.61
3891,-1.6
3892,-0.49
3893,-1.28
3894,0.99
3895,0.74
3896,-2.88
3897,0.32
3898,0.66
3899,-0.31
3900,-3.7
3901,0.01
3902,-5.23
3903,-0.89
3904,0.91
3905,2.49
3906,-1.09
3907,-2.48
3908,1.03
3909,-2.01
3910,0.7
3911,-0.83
3912,0.67
3913,-1.92
3914,-0.07
3915,-1.64
3916,-4.28
3917,0
3918,-0.53
3919,1.5
3920,1.87
3921,-1.04
3922,3.15
3923,1.11
3924,4.61
3925,1.65
3926,-3.04
3927,1.44
3928,-0.79
3929,0.08
3930,-0.05
3931,2.73
3932,0.19
3933,2.11
3934,1.71
3935,1.87
3936,-0.81
3937,-3.07
3938,-0.34
3939,-1.22
3940,2.42
3941,1.53
3942,0.24
3943,-0.61
3944,0.85
3945,0.77
3946,2.02
3947,0.44
3948,2.38
3949,1.03
3950,0.1
3951,-0.39
3952,1.35
3953,-0.58
3954,1.61
3955,0.61
3956,-0.92
3957,0.3
3958,0.53
3959,-0.26
3960,1.68
3961,-1.69
3962,-2.02
3963,-1.12
3964,-0.09
3965,-0.25
3966,1.65
3967,1.05
3968,-1.66
3969,1.18
3970,-0.86
3971,0.2
3972,1.02
3973,0
3974,1.14
3975,1.48
3976,-0.78
3977,-3.41
3978,-4.8
3979,0.92
3980,1.86
3981,-2.07
3982,1.57
3983,-1.78
3984,2.46
3985,-0.09
3986,1.22
3987,-0.09
3988,-3.17
3989,1.16
3990,1.69
3991,0.43
3992,1.72
3993,1.79
3994,0.07
3995,-1.01
3996,-0.17
3997,0
3998,-1.51
3999,-0.91
4000,-0.69
4001,-2.27
4002,-2.09
4003,0.13
4004,-0.02
4005,1.26
4006,0.43
4007,0.07
4008,0.49
4009,-1.05
4010,-2.05
4011,-1.2
4012,3.68
4013,-1.06
4014,-0.98
4015,1.38
4016,1.62
4017,-1.41
4018,0.84
4019,0.41
4020,-3.26
4021,3.25
4022,-0.05
4023,0.8
4024,-0.67
4025,0.04
4026,-0.85
4027,-1.07
4028,2.21
4029,0.37
4030,0.43
4031,-1.28
4032,-1.03
4033,-0.95
4034,-0.85
4035,1.09
4036,-0.65
4037,2.57
4038,0.01
4039,-0.9
4040,0.07
4041,0.61
4042,-0.01
4043,0.62
4044,-1.44
4045,-0.69
4046,2.28
4047,-0.68
4048,0.01
4049,0.75
4050,2.18
4051,0.05
4052,-0.45
4053,-0.09
4054,0.54
4055,0.04
4056,-0.1
4057,-2.67
4058,1.02
4059,0.4
4060,-0.75
4061,0.04
4062,0.7
4063,1.01
4064,0.96
4065,0.91
4066,-0.71
4067,0.04
4068,1.3
4069,0.2
4070,0.13
4071,0
4072,0.51
4073,0.97
4074,-0.42
4075,0.56
4076,1.73
4077,-0.61
4078,-0.4
4079,0.54
4080,0.05
4081,-1.08
4082,-0.36
4083,-0.81
4084,-2.04
4085,-0.45
4086,0.81
4087,-1.59
4088,-0.72
4089,-0.04
4090,-2.06
4091,-0.24
4092,0.52
4093,-0.15
4094,0.15
4095,-1.51
4096,-0.27
4097,-0.16
4098,-0.97
4099,0.59
4100,1.22
4101,-0.78
4102,-1.63
4103,1.36
4104,-1.86
4105,0.1
4106,0.15
4107,0.44
4108,1.41
4109,-0.05
4110,0.3
4111,0.9
4112,-1.84
4113,-2.73
4114,-1.11
4115,-0.82
4116,0.92
4117,0.72
4118,-1.18
4119,-3.04
4120,-1.26
4121,-1.44
4122,-1.04
4123,0.64
4124,1.46
4125,0.13
4126,0.18
4127,1.46
4128,0.91
4129,0.77
4130,0.49
4131,-1.35
4132,-3.19
4133,1.98
4134,4.28
4135,0.4
4136,0.18
4137,-1.39
4138,-0.2
4139,-2.28
4140,0.86
4141,0.53
4142,-1.13
4143,2.7
4144,-0.44
4145,0.72
4146,-1.45
4147,-0.96
4148,-1.68
4149,0.78
4150,2.53
4151,-1.63
4152,-0.35
4153,-1.36
4154,1.2
4155,0.41
4156,1.47
4157,-0.14
4158,0.7
4159,-0.2
4160,-2.37
4161,1.61
4162,0.27
4163,1.72
4164,0.7
4165,-0.59
4166,0.35
4167,-2.84
4168,-2.36
4169,-0.56
4170,1.71
4171,-0.89
4172,2.12
4173,-0.25
4174,0.7
4175,0.77
4176,2.16
4177,1.34
4178,0.29
4179,0.15
4180,0.53
4181,-0.25
4182,0.85
4183,0.02
4184,0.24
4185,0.38
4186,0.04
4187,-0.37
4188,-0.52
4189,0.45
4190,-1.04
4191,-0.13
4192,-0.53
4193,0.53
4194,-0.63
4195,0.42
4196,2.05
4197,-0.31
4198,0.18
4199,-1.04
4200,-0.38
4201,-1.07
4202,1.17
4203,0.79
4204,1.41
4205,-0.43
4206,1.32
4207,0.24
4208,-0.41
4209,-0.67
4210,0.08
4211,-0.31
4212,1.61
4213,0.11
4214,2.98
4215,1.06
4216,0.64
4217,-0.94
4218,-0.48
4219,0.16
4220,0.16
4221,1.34
4222,-1.95
4223,-3.1
4224,0.27
4225,0.74
4226,0.2
4227,-2.45
4228,-1.81
4229,0.04
4230,1.57
4231,-0.44
4232,-1.66
4233,-0.88
4234,1.78
4235,-0.6
4236,0.59
4237,-1.6
4238,-0.53
4239,1.77
4240,0.4
4241,-0.07
4242,0.24
4243,0.9
4244,-1.54
4245,2.61
4246,-0.98
4247,-0.52
4248,0.54
4249,0.12
4250,-1.24
4251,-0.15
4252,0.07
4253,0.1
4254,-1.83
4255,-1.11
4256,-0.93
4257,2.59
4258,-0.25
4259,0.37
4260,-0.88
4261,-1.75
4262,-0.93
4263,0.16
4264,0.45
4265,-2.38
4266,1.21
4267,1.47
4268,0.53
4269,0.61
4270,1.39
4271,-0.04
4272,0.55
4273,-0.51
4274,-0.02
4275,1.63
4276,1.46
4277,-0.53
4278,1.21
4279,-0.72
4280,-0.25
4281,0.42
4282,1.57
4283,0.21
4284,-1.2
4285,-0.57
4286,-1.43
4287,-1.16
4288,0.56
4289,-0.48
4290,-0.91
4291,2.22
4292,-1.39
4293,0.65
4294,1.22
4295,1.37
4296,-0.57
4297,-0.01
4298,0.08
4299,0.41
4300,-1.59
4301,-0.52
4302,-2.01
4303,-1.37
4304,0.14
4305,0.3
4306,0.41
4307,0.07
4308,-1.05
4309,1.58
4310,-0.9
4311,0.97
4312,-0.63
4313,0.99
4314,-0.44
4315,1.16
4316,0.52
4317,0
4318,-0.55
4319,-0.42
4320,0.38
4321,-0.27
4322,0.53
4323,-1.2
4324,-1.61
4325,0.49
4326,-0.23
4327,1.34
4328,1.97
4329,0.06
4330,-0.97
4331,-0.59
4332,0.36
4333,-0.35
4334,1.51
4335,0.23
4336,-0.95
4337,-0.39
4338,0.73
4339,-0.57
4340,0.2
4341,-0.85
4342,0.44
4343,2.28
4344,-2.09
4345,-1.02
4346,-0.16
4347,1.15
4348,-0.87
4349,0.08
4350,-0.47
4351,-0.4
4352,0.6
4353,-1.09
4354,-0.2
4355,-0.84
4356,-0.22
4357,1.47
4358,-0.61
4359,0.42
4360,-1.11
4361,0.68
4362,0.06
4363,-0.69
4364,-0.25
4365,-2.33
4366,1.51
4367,1.53
4368,-1.52
4369,0.94
4370,1.56
4371,-0.29
4372,0.24
4373,0.34
4374,1.42
4375,0.61
4376,0.08
4377,-0.1
4378,-1.15
4379,-0.06
4380,1.31
4381,-0.26
4382,-0.41
4383,0.77
4384,-1.26
4385,0
4386,0.85
4387,0
4388,-1.18
4389,-0.13
4390,0.02
4391,0.07
4392,0.11
4393,0.41
4394,1.09
4395,-0.13
4396,1.16
4397,-0.06
4398,-0.49
4399,0.97
4400,-0.43
4401,-0.7
4402,-0.18
4403,-0.2
4404,-0.72
4405,0.89
4406,-0.77
4407,0.13
4408,-0.47
4409,0.2
4410,-0.64
4411,0.78
4412,1.34
4413,-1.37
4414,0.65
4415,2.35
4416,0.97
4417,0.27
4418,0.6
4419,0.23
4420,0.94
4421,-0.64
4422,-0.93
4423,0.12
4424,-0.9
4425,-0.23
4426,0.01
4427,-1.59
4428,-0.19
4429,-0.66
4430,-1.2
4431,-0.28
4432,-1.05
4433,-0.81
4434,-0.64
4435,-0.43
4436,-1.04
4437,0
4438,0.68
4439,0.63
4440,-0.01
4441,-0.32
4442,0.77
4443,0.37
4444,-1.07
4445,1.11
4446,-0.19
4447,0.28
4448,-0.51
4449,-1.53
4450,-1.49
4451,0.18
4452,-0.81
4453,1.35
4454,-0.15
4455,-0.66
4456,0.11
4457,-1.79
4458,0.59
4459,-1.12
4460,-0.02
4461,-1.76
4462,0.37
4463,0.18
4464,0.36
4465,-0.19
4466,0.4
4467,0.01
4468,-0.1
4469,0.31
4470,0.41
4471,-0.91
4472,0.67
4473,0.33
4474,-1.7
4475,0.02
4476,-1.45
4477,-1.82
4478,0.16
4479,-0.11
4480,0.12
4481,0.96
4482,0.31
4483,-0.88
4484,-0.07
4485,-1.38
4486,-0.5
4487,-0.34
4488,0.67
4489,-0.12
4490,0.62
4491,-1.03
4492,-0.1
4493,-3.28
4494,-0.49
4495,-0.15
4496,0.25
4497,-0.65
4498,0.22
4499,-1.81
4500,-0.84
4501,-1.46
4502,-2.34
4503,0
4504,1.25
4505,-0.85
4506,0.75
4507,1.21
4508,-0.44
4509,0.06
4510,-0.36
4511,-0.07
4512,1.34
4513,-1.41
4514,-1.33
4515,0.73
4516,-2.78
4517,0.76
4518,-0.8
4519,1.12
4520,-0.3
4521,-1.96
4522,-0.52
4523,-2.68
4524,-0.23
4525,-0.65
4526,0.37
4527,-0.02
4528,0.4
4529,1.59
4530,0.42
4531,-2
4532,-0.23
4533,-5.5
4534,-1.02
4535,0.26
4536,-1
4537,-1.65
4538,-0.48
4539,-2.36
4540,0.47
4541,-2.79
4542,0.33
4543,-1.98
4544,-0.58
4545,-0.83
4546,-0.42
4547,-1.03
4548,0.06
4549,-0.56
4550,0.76
4551,-0.4
4552,0.05
4553,-0.86
4554,-2.26
4555,-0.33
4556,0.11
4557,-4.3
4558,-0.96
4559,-1.06
4560,0.37
4561,-1.79
4562,-0.74
4563,-1.77
4564,0.69
4565,1.84
4566,-0.28
4567,-0.89
4568,0.01
4569,-0.41
4570,0.6
4571,-0.62
4572,0.48
4573,0.52
4574,-0.46
4575,0.91
4576,4.22
4577,2.67
4578,0.66
4579,0.91
4580,-0.1
4581,1.12
4582,-1.21
4583,-2.31
4584,2.75
4585,4.1
4586,1.24
4587,-0.79
4588,-0.06
4589,-1.94
4590,2.21
4591,-1.21
4592,0.55
4593,-0.56
4594,1.62
4595,0.5
4596,-1.14
4597,0.43
4598,-2
4599,1.15
4600,-1.18
4601,-0.48
4602,-2.72
4603,0.51
4604,0.2
4605,-1.86
4606,-2.8
4607,0.17
4608,0.42
4609,0.37
4610,0.92
4611,-0.06
4612,-0.21
4613,0.57
4614,2.84
4615,-0.58
4616,-2.45
4617,-0.3
4618,2.04
4619,0
4620,0
4621,1.82
4622,-1.13
4623,-0.38
4624,0.78
4625,0.32
4626,0.55
4627,1.63
4628,0.81
4629,1.18
4630,-0.11
4631,-1.08
4632,0
4633,2.54
4634,0.3
4635,-0.1
4636,-0.25
4637,1.36
4638,-0.07
4639,0.23
4640,0.49
4641,0.82
4642,0.78
4643,-1.29
4644,-1.11
4645,-1
4646,2.27
4647,1.24
4648,-0.75
4649,-0.89
4650,0.46
4651,-1.67
4652,0.04
4653,1.18
4654,0
4655,-3.05
4656,-0.3
4657,-1.23
4658,3.04
4659,-0.29
4660,0.27
4661,-0.36
4662,-2.44
4663,0.02
4664,0.97
4665,1.9
4666,1.45
4667,-0.92
4668,-0.57
4669,-2.2
4670,-0.24
4671,0
4672,0.62
4673,-1.96
4674,1.13
4675,1.13
4676,-0.04
4677,-1.39
4678,-0.1
4679,-1.11
4680,1.28
4681,1.34
4682,0.08
4683,-2.67
4684,-1.87
4685,-2.47
4686,0.98
4687,2.13
4688,-0.11
4689,-0.09
4690,-0.43
4691,0.14
4692,-0.03
4693,-0.93
4694,0.04
4695,-0.48
4696,0.42
4697,-0.6
4698,-1.47
4699,-0.22
4700,0.23
4701,0.43
4702,-0.44
4703,-1
4704,-3.8
4705,-0.41
4706,-0.04
4707,-1.24
4708,-0.26
4709,0.76
4710,-0.97
4711,0.96
4712,-0.28
4713,-0.22
4714,-0.02
4715,-0.77
4716,-1.25
4717,-0.12
4718,-1.79
4719,-2.25
4720,0.27
4721,-0.1
4722,2.7
4723,3.51
4724,0.83
4725,-1.13
4726,2.74
4727,-1.82
4728,-2.17
4729,2.46
4730,-0.84
4731,-0.27
4732,-0.9
4733,-1
4734,0.04
4735,3.44
4736,-1.08
4737,-0.99
4738,0.36
4739,-0.95
4740,1.31
4741,-0.94
4742,0.22
4743,-1.24
4744,1.54
4745,-0.29
4746,0.19
4747,-0.93
4748,2.9
4749,1.89
4750,0.32
4751,0.47
4752,-0.05
4753,-1.13
4754,-2.01
4755,-0.69
4756,-0.38
4757,1.09
4758,-1.45
4759,-0.58
4760,-0.21
4761,-0.13
4762,-0.29
4763,0.27
4764,-1.03
4765,2.06
4766,0.44
4767,-0.04
4768,-0.09
4769,0.09
4770,-1.04
4771,0.23
4772,-1.1
4773,-0.71
4774,1.06
4775,-1.46
4776,0
4777,-3
4778,-1.7
4779,1
4780,0.17
4781,0.77
4782,0.27
4783,1.21
4784,0.68
4785,-0.82
4786,-0.01
4787,-0.48
4788,0.66
4789,-0.76
4790,-1.05
4791,0.08
4792,-0.56
4793,-1.75
4794,-0.25
4795,-0.4
4796,-0.39
4797,-1.66
4798,-0.48
4799,1.15
4800,-0.7
4801,-0.67
4802,0.47
4803,-1.42
4804,-0.08
4805,0.53
4806,1.43
4807,-0.14
4808,-0.23
4809,-1.2
4810,0.96
4811,-0.33
4812,-0.72
4813,-1.67
4814,-0.32
4815,-1.9
4816,-1.53
4817,-1
4818,-0.56
4819,0.26
4820,-0.04
4821,-1.44
4822,0
4823,-1.35
4824,1.58
4825,2.87
4826,-0.64
4827,1.12
4828,0.89
4829,1.18
4830,0.13
4831,-0.69
4832,-1.47
4833,1.4
4834,0.38
4835,-0.41
4836,-0.71
4837,-1.49
4838,-0.51
4839,-0.82
4840,2.98
4841,-0.71
4842,2.12
4843,-0.01
4844,-1.54
4845,1.93
4846,-1.69
4847,-0.4
4848,1.33
4849,2.93
4850,0.16
4851,-0.19
4852,0.65
4853,-0.63
4854,1.86
4855,1.41
4856,0.14
4857,1.1
4858,-1.63
4859,0.78
4860,-1.35
4861,-0.57
4862,0.89
4863,0.91
4864,-0.03
4865,0.65
4866,0.63
4867,-1.7
4868,-0.51
4869,0
4870,-1.58
4871,0
4872,0
4873,-0.33
4874,-0.37
4875,-0.17
4876,1.89
4877,-0.62
4878,3.56
4879,0.87
4880,1.44
4881,-0.21
4882,0.21
4883,-1.7
4884,0.32
4885,1.38
4886,0.07
4887,0.39
4888,0.49
4889,-1
4890,0.97
4891,0.23
4892,1.43
4893,0.04
4894,0.18
4895,-2.73
4896,-0.01
4897,1.31
4898,0.21
4899,-2.17
4900,1.58
4901,2.07
4902,0.35
4903,0.62
4904,1.44
4905,0.22
4906,0.22
4907,-1.92
4908,1.53
4909,-0.77
4910,0.65
4911,0.45
4912,0.65
4913,-0.43
4914,0.17
4915,-0.45
4916,0.24
4917,-0.55
4918,0.44
4919,0.82
4920,0.97
4921,-0.14
4922,-0.89
4923,-0.34
4924,-1.48
4925,-0.41
4926,-1.81
4927,0.91
4928,2.11
4929,-0.5
4930,0.25
4931,0.2
4932,-1.94
4933,-1.62
4934,1.22
4935,2.11
4936,-0.35
4937,-0.4
4938,0.37
4939,-2.38
4940,0.06
4941,0.23
4942,-1.4
4943,-0.49
4944,2.68
4945,-2.05
4946,1.34
4947,0.24
4948,-0.9
4949,0.35
4950,0.12
4951,-0.83
4952,-0.75
4953,-0.48
4954,-0.2
4955,-0.78
4956,-0.91
4957,-1.11
4958,-0.59
4959,-0.17
4960,0.45
4961,0.88
4962,1.14
4963,0.77
4964,0.13
4965,-1.18
4966,2.04
4967,0.89
4968,2.19
4969,0.96
4970,0.31
4971,0.88
4972,-0.07
4973,-1.29
4974,0.6
4975,-1.14
4976,1.69
4977,0.41
4978,0
4979,-1.72
4980,0
4981,-2.89
4982,0.91
4983,0.76
4984,-0.51
4985,0.79
4986,2.23
4987,-0.86
4988,-0.55
4989,-1.34
4990,-0.83
4991,0.18
4992,-0.57
4993,0.78
4994,-0.8
4995,0.75
4996,1.22
4997,-0.5
4998,-0.1
4999,-1.66
5000,0.54
5001,2.94
5002,-0.19
5003,0.37
5004,0.2
5005,0.76
5006,0.57
5007,0.35
5008,1.05
5009,-1.06
5010,-0.95
5011,-0.24
5012,-0.42
5013,0.44
5014,0.5
5015,2.04
5016,-1.43
5017,-0.14
5018,-0.48
5019,-0.72
5020,-0.1
5021,0.15
5022,-1.35
5023,-1.58
5024,-0.43
5025,-1.51
5026,-0.42
5027,-0.78
5028,-0.23
5029,0.64
5030,0.41
5031,-0.21
5032,-2.06
5033,0.22
5034,2.32
5035,0.92
5036,-0.5
5037,-0.16
5038,1.55
5039,0.14
5040,0.44
5041,1
5042,-1.22
5043,0.32
5044,-1.96
5045,3.27
5046,4.33
5047,0.07
5048,0.95
5049,-0.99
5050,-0.41
5051,-0.3
5052,0.59
5053,1.8
5054,-0.71
5055,-0.13
5056,-1.43
5057,2.43
5058,-0.62
5059,1.03
5060,-1.55
5061,1.03
5062,-0.11
5063,1.02
5064,0.02
5065,-0.01
5066,0.09
5067,-0.48
5068,0.42
5069,0.91
5070,-1.51
5071,-1.19
5072,0.41
5073,0.9
5074,-0.14
5075,-0.07
5076,0.38
5077,-0.91
5078,-0.59
5079,1.86
5080,-0.24
5081,-0.1
5082,-0.36
5083,1.55
5084,-1.09
5085,-0.03
5086,0.48
5087,0.54
5088,0.15
5089,-0.02
5090,-0.9
5091,-1.23
5092,0.63
5093,-0.44
5094,1.22
5095,-1.05
5096,0.81
5097,-0.39
5098,-0.41
5099,0.32
5100,0.77
5101,1.09
5102,-1.44
5103,0.92
5104,-1.13
5105,-0.04
5106,-1.29
5107,2.36
5108,-1.56
5109,-0.04
5110,0.61
5111,-0.12
5112,-1.31
5113,-2.65
5114,-0.02
5115,-0.53
5116,-0.5
5117,1.03
5118,-0.07
5119,0.02
5120,0.09
5121,-0.53
5122,-0.58
5123,0.61
5124,-0.2
5125,0.15
5126,0.6
5127,0.64
5128,0.89
5129,-0.05
5130,-0.16
5131,1.04
5132,0.33
5133,0.21
5134,0.62
5135,0.55
5136,-0.06
5137,0.02
5138,0.3
5139,-0.26
5140,-2.19
5141,-0.17
5142,-1.77
5143,-0.73
5144,-0.48
5145,-0.08
5146,0.62
5147,-0.53
5148,0
5149,0.95
5150,-1.1
5151,-0.49
5152,-1.29
5153,-0.08
5154,-0.84
5155,0.45
5156,1.03
5157,1.09
5158,-0.1
5159,2.21
5160,-0.08
5161,0.55
5162,-0.05
5163,1.07
5164,0.57
5165,-0.16
5166,0.1
5167,-1.04
5168,-1.41
5169,1.41
5170,-1.6
5171,-1.25
5172,1.01
5173,-1.95
5174,-0.21
5175,-0.14
5176,-1.03
5177,-0.78
5178,0.34
5179,0.54
5180,-0.23
5181,-1.48
5182,0.14
5183,0.09
5184,0.23
5185,-1.95
5186,0.64
5187,-0.16
5188,-0.32
5189,-0.05
5190,2.08
5191,0.28
5192,0.57
5193,0.06
5194,2.05
5195,0.02
5196,-1.57
5197,0.95
5198,-2.06
5199,0.1
5200,0.11
5201,0.05
5202,0.92
5203,0.24
5204,-0.23
5205,0.26
5206,0.42
5207,0.2
5208,-1.07
5209,0.34
5210,1.38
5211,0.89
5212,0.59
5213,1.33
5214,-0.01
5215,-1.22
5216,1.32
5217,0.79
5218,-0.4
5219,-1.06
5220,0.76
5221,-0.02
5222,0.43
5223,-1.12
5224,-0.18
5225,-1.39
5226,0.49
5227,-0.02
5228,0.59
5229,0.98
5230,0.35
5231,0.02
5232,-0.58
5233,0.14
5234,0
5235,-0.23
5236,0.27
5237,0.78
5238,0.46
5239,-0.55
5240,1.03
5241,0.85
5242,-0.32
5243,0.39
5244,-0.35
5245,0.86
5246,0.46
5247,1.24
5248,-0.58
5249,-0.68
5250,1.08
5251,0.62
5252,0.53
5253,0.43
5254,1.26
5255,0.35
5256,-1.03
5257,0.06
5258,-1.78
5259,-1.35
5260,0.45
5261,-0.12
5262,1.09
5263,-1.59
5264,-0.21
5265,1.33
5266,-0.49
5267,0
5268,0.73
5269,0.63
5270,0.14
5271,0.42
5272,-0.23
5273,0.07
5274,-0.2
5275,0.15
5276,0.61
5277,0.3
5278,1.4
5279,0.5
5280,0.7
5281,-0.37
5282,-0.19
5283,0.63
5284,2.85
5285,0.09
5286,-0.4
5287,0.53
5288,-0.14
5289,-1.41
5290,-2.03
5291,0.34
5292,-0.07
5293,0.16
5294,0
5295,0.94
5296,0.64
5297,0.35
5298,0.31
5299,-0.33
5300,0.31
5301,0.18
5302,-0.21
5303,1.04
5304,-1.12
5305,0
5306,-1.2
5307,0.12
5308,1.49
5309,1.76
5310,-0.66
5311,-1.3
5312,0.06
5313,0.09
5314,0.64
5315,-0.76
5316,0.74
5317,0.21
5318,-0.03
5319,1.42
5320,0.77
5321,-0.07
5322,-0.08
5323,1.2
5324,0.88
5325,-0.72
5326,0.47
5327,0.6
5328,0.71
5329,0.57
5330,-0.72
5331,0.67
5332,-0.91
5333,-0.21
5334,0.29
5335,-0.92
5336,0.76
5337,0.49
5338,0.1
5339,1.17
5340,-1
5341,-1.67
5342,-0.63
5343,0
5344,0.82
5345,-1.15
5346,0.24
5347,-0.94
5348,-1.01
5349,-1.48
5350,-1.22
5351,-0.84
5352,-0.26
5353,0.35
5354,0.57
5355,1.44
5356,0.65
5357,-0.27
5358,0.13
5359,1.31
5360,0.92
5361,0.92
5362,-0.37
5363,-1.51
5364,-1.85
5365,0.03
5366,1.52
5367,-0.11
5368,-0.58
5369,-1.22
5370,1.32
5371,-0.66
5372,-0.33
5373,-0.59
5374,0.06
5375,1.01
5376,0.14
5377,1.18
5378,2.15
5379,0.83
5380,0.05
5381,-0.22
5382,-0.18
5383,-0.5
5384,0.89
5385,0
5386,-2.98
5387,0.5
5388,-0.03
5389,1.68
5390,2.48
5391,2.07
5392,-1.3
5393,1.74
5394,-1.13
5395,-0.34
5396,2.02
5397,1.12
5398,-0.23
5399,-0.08
5400,1.32
5401,-2.07
5402,1.6
5403,-0.06
5404,0.59
5405,-1.07
5406,-1.71
5407,0.31
5408,1.3
5409,-0.59
5410,3.44
5411,-0.01
5412,-0.22
5413,0.8
5414,0.77
5415,-0.75
5416,1.9
5417,-1.71
5418,-0.04
5419,2.08
5420,-1.73
5421,0.21
5422,-2.3
5423,-2.09
5424,1.38
5425,0.56
5426,-1.91
5427,-1.13
5428,-0.5
5429,0.32
5430,2
5431,-0.12
5432,-0.53
5433,0.28
5434,0.21
5435,-0.3
5436,-2.75
5437,2.85
5438,0.05
5439,-0.67
5440,-1.38
5441,0.8
5442,-0.85
5443,0.76
5444,2.51
5445,0.17
5446,1.18
5447,-0.73
5448,-0.84
5449,1.12
5450,0.1
5451,-2.11
5452,2.1
5453,0.72
5454,-2.45
5455,-3.24
5456,2
5457,-3.08
5458,-0.16
5459,-0.35
5460,1.42
5461,0.05
5462,1.46
5463,0.08
5464,0.14
5465,0.84
5466,0.33
5467,0.15
5468,-0.83
5469,-1.88
5470,0.67
5471,-0.47
5472,0.03
5473,-0.2
5474,-1.6
5475,-0.16
5476,0.45
5477,-0.38
5478,0.15
5479,-2.39
5480,0.83
5481,0.93
5482,0.97
5483,0.54
5484,1.31
5485,0.77
5486,0.68
5487,0
5488,1.5
5489,0.16
5490,0.98
5491,-0.11
5492,0.87
5493,-0.3
5494,-0.83
5495,-1.01
5496,-0.12
5497,1.22
5498,1.45
5499,1.8
5500,-2.36
5501,0.21
5502,0.35
5503,1.03
5504,0.18
5505,-0.4
5506,-0.13
5507,1.99
5508,1.32
5509,-0.34
5510,-0.33
5511,1.18
5512,2.22
5513,0.69
5514,-0.18
5515,0.62
5516,-0.95
5517,-0.9
5518,0.94
5519,-1.34
5520,-2.47
5521,-0.64
5522,0.2
5523,-0.38
5524,-0.62
5525,0.39
5526,0.08
5527,0.07
5528,-1.78
5529,-1.33
5530,-0.04
5531,0.1
5532,0.16
5533,-1.88
5534,-0.84
5535,-3.59
5536,-0.14
5537,1.57
